"code","description","ctl_rows","iih_rows","ctl_pts","iih_pts","ctl_only","iih_only","currently"
"R56.9","Unspecified convulsions (HCC)",261,85,102,36,40,22,"COUNTED"
"780.39","OTHER CONVULSIONS",159,38,54,10,35,9,"COUNTED"
"F44.5","Conversion disorder with seizures or convulsions",63,43,32,18,0,0,"excluded"
"F44.5","Functional Neurological Conversion Disorder",69,59,28,18,0,0,"excluded"
"R56.9","Seizure (HCC)",97,12,36,6,1,0,"COUNTED"
"G40.909","Epilepsy, unspecified, not intractable, without status epilepticus (HCC)",83,19,33,8,4,1,"COUNTED"
"R56.9","UNSPECIFIED CONVULSIONS",58,8,27,4,15,4,"COUNTED"
"R56.9","Spells Neurological (HCC)",17,5,17,5,0,1,"COUNTED"
"G40.89","Other seizures (HCC)",20,7,14,4,1,0,"COUNTED"
"G40.909","Seizure Disorder (HCC)",54,13,15,3,1,0,"COUNTED"
"Z82.0","Family history of epilepsy and other diseases of the nervous system",17,4,11,4,0,0,"excluded"
"345.90","EPILEPSY, UNSPECIFIED, WITHOUT MENTION OF INTRACTABLE EPILEP",17,1,13,1,3,0,"COUNTED"
"G40.109","Localization-related (focal) (partial) symptomatic epilepsy and epileptic syndromes with simple partial seizures, not intractable, without status epilepticus (HCC)",16,3,12,1,1,0,"COUNTED"
"G40.89","Other Seizures (HCC)",15,2,12,1,1,0,"COUNTED"
"G40.909","Epilepsy Seizure Not Intractable Without Status Epilepticus (HCC)",33,5,10,3,0,0,"COUNTED"
"G40.309","Generalized idiopathic epilepsy and epileptic syndromes, not intractable, without status epilepticus (HCC)",20,4,8,1,1,0,"COUNTED"
"G43.109","Migraine With Aura Not Intractable Without Status Migrainosus",4,5,4,5,0,0,"excluded"
"345.41","LOCALIZATION-RELATED (FOCAL) (PARTIAL) EPILEPSY AND EPILEPTI",30,0,7,0,0,0,"COUNTED"
"G40.209","Localization-related (focal) (partial) symptomatic epilepsy and epileptic syndromes with complex partial seizures, not intractable, without status epilepticus (HCC)",8,3,5,1,0,0,"COUNTED"
"G40.309","Idiopathic Generalized Epilepsy Not Intractable Without Status Epilepticus (HCC)",11,3,5,1,0,0,"COUNTED"
"G43.109","Migraine Headache With Aura",2,4,2,4,0,0,"excluded"
"345.40","LOCALIZATION-RELATED (FOCAL) (PARTIAL) EPILEPSY AND EPILEPTI",7,0,5,0,0,0,"COUNTED"
"345.50","LOCALIZATION-RELATED (FOCAL) (PARTIAL) EPILEPSY AND EPILEPTI",13,5,4,1,0,0,"COUNTED"
"345.51","LOCALIZATION-RELATED (FOCAL) (PARTIAL) EPILEPSY AND EPILEPTI",21,0,5,0,2,0,"COUNTED"
"G40.209","Focal Complex Partial Epilepsy Not Intractable Without Status Epilepticus (HCC)",7,3,4,1,0,0,"COUNTED"
"G40.219","Localization-related (focal) (partial) symptomatic epilepsy and epileptic syndromes with complex partial seizures, intractable, without status epilepticus (HCC)",17,3,4,1,0,0,"COUNTED"
"G40.409","Other generalized epilepsy and epileptic syndromes, not intractable, without status epilepticus (HCC)",4,1,4,1,0,0,"COUNTED"
"G40.919","Epilepsy, unspecified, intractable, without status epilepticus (HCC)",8,0,5,0,0,0,"COUNTED"
"Z82.0","Family History Neurological Disorder",12,1,4,1,0,0,"excluded"
"780.39","Other convulsions",0,6,0,4,0,3,"COUNTED"
"F44.5","Conversion Disorder With Seizures Or Convulsions",7,0,4,0,0,0,"excluded"
"G40.119","Localization-related (focal) (partial) symptomatic epilepsy and epileptic syndromes with simple partial seizures, intractable, without status epilepticus (HCC)",9,0,4,0,0,0,"COUNTED"
"G40.219","Focal Complex Partial Epilepsy Intractable Without Status Epilepticus (HCC)",23,3,3,1,0,0,"COUNTED"
"G40.109","Localization Related Focal Partial Symptomatic Epilepsy And Epileptic Syndromes With Simple Partial Seizures Not Intractable Without Status Epilepticus (HCC)",4,0,3,0,1,0,"COUNTED"
"G40.211","Focal Complex Partial Epilepsy Intractable With Status Epilepticus (HCC)",11,0,3,0,0,0,"COUNTED"
"G40.211","Localization-related (focal) (partial) symptomatic epilepsy and epileptic syndromes with complex partial seizures, intractable, with status epilepticus (HCC)",9,0,3,0,0,0,"COUNTED"
"G40.909","EPILEPSY, UNSP, NOT INTRACTABLE, WITHOUT STATUS EPILEPTICUS",3,0,3,0,0,0,"COUNTED"
"G40.919","Epilepsy Seizure Intractable Without Status Epilepticus (HCC)",10,0,3,0,0,0,"COUNTED"
"G43.109","Migraine Headache Variant",2,1,2,1,0,0,"excluded"
"Z82.0","Family History Parkinson Disease",4,0,3,0,0,0,"excluded"
"345.10","GENERALIZED CONVULSIVE EPILEPSY, WITHOUT MENTION OF INTRACTA",7,0,2,0,1,0,"COUNTED"
"G40.009","Localization Related Focal Partial Idiopathic Epilepsy And Epileptic Syndromes With Seizures Of Localized Onset Not Intractable Without Status Epilepticus (HCC)",3,0,2,0,0,0,"COUNTED"
"G40.009","Localization-related (focal) (partial) idiopathic epilepsy and epileptic syndromes with seizures of localized onset, not intractable, without status epilepticus (HCC)",3,0,2,0,0,0,"COUNTED"
"G40.011","Localization Related Focal Partial Idiopathic Epilepsy And Epileptic Syndromes With Seizures Of Localized Onset Intractable With Status Epilepticus (HCC)",4,0,2,0,1,0,"COUNTED"
"G40.019","Localization Related Focal Partial Idiopathic Epilepsy And Epileptic Syndromes With Seizures Of Localized Onset Intractable Without Status Epilepticus (HCC)",11,0,2,0,0,0,"COUNTED"
"G40.019","Localization-related (focal) (partial) idiopathic epilepsy and epileptic syndromes with seizures of localized onset, intractable, without status epilepticus (HCC)",10,0,2,0,0,0,"COUNTED"
"G40.101","Localization-related (focal) (partial) symptomatic epilepsy and epileptic syndromes with simple partial seizures, not intractable, with status epilepticus (HCC)",1,1,1,1,0,0,"COUNTED"
"G40.109","LOCAL-REL SYMPTC EPI W SIMP PRT SEIZ,NOT NTRCT, W/O STAT EPI",1,1,1,1,0,0,"COUNTED"
"G40.301","Generalized idiopathic epilepsy and epileptic syndromes, not intractable, with status epilepticus (HCC)",1,2,1,1,0,0,"COUNTED"
"G40.309","GEN IDIOPATHIC EPILEPSY, NOT INTRACTABLE, W/O STAT EPI",6,0,2,0,1,0,"COUNTED"
"G40.311","Generalized idiopathic epilepsy and epileptic syndromes, intractable, with status epilepticus (HCC)",6,0,2,0,0,0,"COUNTED"
"G40.319","Generalized idiopathic epilepsy and epileptic syndromes, intractable, without status epilepticus (HCC)",4,0,2,0,0,0,"COUNTED"
"G40.89","OTHER SEIZURES",3,0,2,0,1,0,"COUNTED"
"G40.89","Seizure Absence (HCC)",3,2,1,1,0,0,"COUNTED"
"G40.919","EPILEPSY, UNSP, INTRACTABLE, WITHOUT STATUS EPILEPTICUS",4,0,2,0,0,0,"COUNTED"
"R56.1","Seizure Post Traumatic Non Epileptic (HCC)",3,0,2,0,0,0,"excluded"
"Z82.0","Family History Alzheimer's Disease",5,0,2,0,0,0,"excluded"
"345.00","GENERALIZED NONCONVULSIVE EPILEPSY, WITHOUT MENTION OF INTRA",1,0,1,0,0,0,"COUNTED"
"345.80","OTHER FORMS OF EPILEPSY AND RECURRENT SEIZURES, WITHOUT MENT",0,4,0,1,0,0,"COUNTED"
"345.90","Epilepsy, unspecified, without mention of intractable epilepsy",0,1,0,1,0,0,"COUNTED"
"780.33","Post traumatic seizures",0,1,0,1,0,0,"excluded"
"E936.3","OTHER AND UNSPECIFIED ANTICONVULSANTS CAUSING ADVERSE EFFECT",0,1,0,1,0,0,"excluded"
"F44.5","Behavioral Spells",0,1,0,1,0,0,"excluded"
"G40","Epilepsy And Recurrent Seizures NOS",3,0,1,0,0,0,"COUNTED"
"G40.001","Localization Related Focal Partial Idiopathic Epilepsy And Epileptic Syndromes With Seizures Of Localized Onset Not Intractable With Status Epilepticus (HCC)",1,0,1,0,0,0,"COUNTED"
"G40.001","Localization-related (focal) (partial) idiopathic epilepsy and epileptic syndromes with seizures of localized onset, not intractable, with status epilepticus (HCC)",2,0,1,0,0,0,"COUNTED"
"G40.009","Localization-related (focal) (partial) idiopathic epilepsy and epileptic syndromes with seizures of localized onset, not intractable, without status epilepticus",0,1,0,1,0,0,"COUNTED"
"G40.011","Localization-related (focal) (partial) idiopathic epilepsy and epileptic syndromes with seizures of localized onset, intractable, with status epilepticus (HCC)",2,0,1,0,0,0,"COUNTED"
"G40.109","Focal Epilepsy Symptomatic Not Intractable Without Status Epilepticus (HCC)",0,3,0,1,0,0,"COUNTED"
"G40.111","Localization-related (focal) (partial) symptomatic epilepsy and epileptic syndromes with simple partial seizures, intractable, with status epilepticus (HCC)",2,0,1,0,0,0,"COUNTED"
"G40.119","Partial Seizure Motor Sensory Intractable (HCC)",3,0,1,0,0,0,"COUNTED"
"G40.219","LOCAL-REL SYMPTC EPI W CMPLX PART SEIZ, NTRCT, W/O STAT EPI",7,0,1,0,0,0,"COUNTED"
"G40.301","Idiopathic Generalized Epilepsy Not Intractable With Status Epilepticus (HCC)",0,1,0,1,0,0,"COUNTED"
"G40.309","Epilepsy Seizure Generalized Convulsive (HCC)",3,0,1,0,0,0,"COUNTED"
"G40.311","Idiopathic Generalized Epilepsy Intractable With Status Epilepticus (HCC)",5,0,1,0,0,0,"COUNTED"
"G40.319","Epilepsy Seizure General Convulsive Intractable (HCC)",2,0,1,0,0,0,"COUNTED"
"G40.319","Idiopathic Generalized Epilepsy Intractable Without Status Epilepticus (HCC)",3,0,1,0,0,0,"COUNTED"
"G40.401","Other generalized epilepsy and epileptic syndromes, not intractable, with status epilepticus (HCC)",0,1,0,1,0,0,"COUNTED"
"G40.419","Other generalized epilepsy and epileptic syndromes, intractable, without status epilepticus (HCC)",1,0,1,0,0,0,"COUNTED"
"G40.802","Other epilepsy, not intractable, without status epilepticus",0,1,0,1,0,0,"COUNTED"
"G40.89","Seizure Atypical Absence (HCC)",0,3,0,1,0,0,"COUNTED"
"G40.901","Epilepsy Seizure Not Intractable With Status Epilepticus (HCC)",4,0,1,0,0,0,"COUNTED"
"G40.901","Epilepsy, unspecified, not intractable, with status epilepticus (HCC)",3,0,1,0,0,0,"COUNTED"
"G40.911","Epilepsy Seizure Intractable With Status Epilepticus (HCC)",2,0,1,0,0,0,"COUNTED"
"G40.911","Epilepsy, unspecified, intractable, with status epilepticus (HCC)",1,0,1,0,0,0,"COUNTED"
"G40.A09","Absence Epilepsy Not Intractable Without Status Epilepticus (HCC)",3,0,1,0,0,0,"COUNTED"
"G40.A09","Absence epileptic syndrome, not intractable, without status epilepticus (HCC)",2,0,1,0,0,0,"COUNTED"
"G43.109","Migraine Headache Classic",0,1,0,1,0,0,"excluded"
"G43.109","Migraine With Aura Without Headache",0,1,0,1,0,0,"excluded"
"R56.1","Post traumatic seizures (HCC)",2,0,1,0,0,0,"excluded"
"R56.9","Unspecified convulsions",0,1,0,1,0,0,"COUNTED"
"Z82.0","Amyotrophic Lateral Sclerosis Family History",0,5,0,1,0,0,"excluded"
